source_name	sequence_id	region	variation	motif_start	motif_end	motif	aligned_window
ncbi-curated-mammalia-b	XM_003802138	o1	n-linked-glycosylation-o1	35	37	NTT	TS-KPNTTWR
ncbi-curated-mammalia-b	XM_017656413	o2	n-linked-glycosylation-o2	42	44	NFS	GCNFSRFKSLS
ncbi-curated-mammalia-b	XM_005596230	o3	n-linked-glycosylation-o3	59	61	NAT	LAFKNATDAFE
ncbi-curated-mammalia-b	XM_023651251	o3	n-linked-glycosylation-o3	59	61	NAT	LAFKNATDAFE
ncbi-curated-mammalia-b	XM_028530311	o4	n-linked-glycosylation-o4	72	74	NHS	-KNHSCSSCLF
ncbi-curated-mammalia-b	XM_005596230	o4	n-linked-glycosylation-o4	72	74	NHT	LKNHTCRSRPF
ncbi-curated-mammalia-b	XM_023651251	o4	n-linked-glycosylation-o4	72	74	NHT	LKNHTCRSRPF
ncbi-curated-mammalia-b	NM_001290171	o4	n-linked-glycosylation-o4	72	74	NQS	-KNQSCSFSLF
ncbi-curated-mammalia-b	XM_016166772	o4	n-linked-glycosylation-o4	72	74	NQS	-KNQSCSFSLF
ncbi-curated-mammalia-b	XM_028529999	o4	n-linked-glycosylation-o4	72	74	NQS	-ENQSCSSCLF
ncbi-curated-mammalia-b	XM_004687048	o4	n-linked-glycosylation-o4	72	74	NRS	TKNRSCASHPF
ncbi-curated-mammalia-b	XM_006096748	o4	n-linked-glycosylation-o4	72	74	NRS	LRNRSCSSHPL
ncbi-curated-mammalia-b	XM_015557658	o4	n-linked-glycosylation-o4	72	74	NRS	LRNRSCSSRPL
ncbi-curated-mammalia-b	XM_023760578	o4	n-linked-glycosylation-o4	72	74	NRS	LRNRSCSSHPL
ncbi-curated-mammalia-b	XM_024577417	o4	n-linked-glycosylation-o4	72	74	NRS	PKNRSCSSRPF
ncbi-curated-mammalia-b	XM_024577418	o4	n-linked-glycosylation-o4	72	74	NRS	PKNRSCSSRPF
ncbi-curated-mammalia-b	XM_036345646	o4	n-linked-glycosylation-o4	72	74	NRS	QRNRSCGSRPL
ncbi-curated-mammalia-b	XM_036346724	o4	n-linked-glycosylation-o4	72	74	NRS	QRNRSCGSRPL
ncbi-curated-mammalia-b	XM_036346847	o4	n-linked-glycosylation-o4	72	74	NRS	QRNRSCGSRPL
ncbi-curated-mammalia-b	XM_036346877	o4	n-linked-glycosylation-o4	72	74	NRS	QRNRSCGSRPL
ncbi-curated-mammalia-b	HQ201955	o4	n-linked-glycosylation-o4	72	74	NWS	LKNWSCSSRPF
ncbi-curated-mammalia-b	NM_001040680	o4	n-linked-glycosylation-o4	72	74	NWS	LKNWSCGSRLF
ncbi-curated-mammalia-b	NM_001114853	o4	n-linked-glycosylation-o4	72	74	NWS	WKNWSCSSRLF
ncbi-curated-mammalia-b	NM_001142837	o4	n-linked-glycosylation-o4	72	74	NWS	LKNWSCSSPLF
ncbi-curated-mammalia-b	NM_172140	o4	n-linked-glycosylation-o4	72	74	NWS	LKNWSCSSPVF
ncbi-curated-mammalia-b	XM_002829198	o4	n-linked-glycosylation-o4	72	74	NWS	LKNWSCSCPVF
ncbi-curated-mammalia-b	XM_003270380	o4	n-linked-glycosylation-o4	72	74	NWS	LKNWSCSSPVF
ncbi-curated-mammalia-b	XM_003802138	o4	n-linked-glycosylation-o4	72	74	NWS	QINWSCSSRFF
ncbi-curated-mammalia-b	XM_003915503	o4	n-linked-glycosylation-o4	72	74	NWS	LKNWSCSSPVF
ncbi-curated-mammalia-b	XM_004060705	o4	n-linked-glycosylation-o4	72	74	NWS	LKNWSCSSPVF
ncbi-curated-mammalia-b	XM_004481462	o4	n-linked-glycosylation-o4	72	74	NWS	LKNWSCSSRLF
ncbi-curated-mammalia-b	XM_005589170	o4	n-linked-glycosylation-o4	72	74	NWS	LKNWSCSSPVF
ncbi-curated-mammalia-b	XM_005886334	o4	n-linked-glycosylation-o4	72	74	NWS	LKNWSCSSRPL
ncbi-curated-mammalia-b	XM_007996760	o4	n-linked-glycosylation-o4	72	74	NWS	LKNWSCSSPVF
ncbi-curated-mammalia-b	XM_008582050	o4	n-linked-glycosylation-o4	72	74	NWS	LKNWSCSSRLF
ncbi-curated-mammalia-b	XM_010380919	o4	n-linked-glycosylation-o4	72	74	NWS	LKNWSCSSPVF
ncbi-curated-mammalia-b	XM_011225064	o4	n-linked-glycosylation-o4	72	74	NWS	LKNWSCSSRLF
ncbi-curated-mammalia-b	XM_011234942	o4	n-linked-glycosylation-o4	72	74	NWS	-KNWSCSSRLF
ncbi-curated-mammalia-b	XM_011764819	o4	n-linked-glycosylation-o4	72	74	NWS	LKNWSCSSPVF
ncbi-curated-mammalia-b	XM_011952424	o4	n-linked-glycosylation-o4	72	74	NWS	LKNWSCSSPVF
ncbi-curated-mammalia-b	XM_011973361	o4	n-linked-glycosylation-o4	72	74	NWS	LKNWSCSSPVF
ncbi-curated-mammalia-b	XM_012077988	o4	n-linked-glycosylation-o4	72	74	NWS	LKNWSCSSPVF
ncbi-curated-mammalia-b	XM_012775211	o4	n-linked-glycosylation-o4	72	74	NWS	LKNWSCSSRLF
ncbi-curated-mammalia-b	XM_014117025	o4	n-linked-glycosylation-o4	72	74	NWS	-KNWSCNSRLF
ncbi-curated-mammalia-b	XM_016165226	o4	n-linked-glycosylation-o4	72	74	NWS	LKNWSCSSRPF
ncbi-curated-mammalia-b	XM_016166771	o4	n-linked-glycosylation-o4	72	74	NWS	LKNWSCSSRPF
ncbi-curated-mammalia-b	XM_036323965	o4	n-linked-glycosylation-o4	72	74	NWS	LKNWSCSSRPL
ncbi-curated-mammalia-b	XM_036324441	o4	n-linked-glycosylation-o4	72	74	NWS	LKNWSCGSRPL
ncbi-curated-mammalia-b	XM_014732932	o4	n-linked-glycosylation-o4	72	74	NWT	-ENWTCRSPVF
ncbi-curated-mammalia-b	NM_001166490	o4	n-linked-glycosylation-o4	74	76	NCS	LEDWNCSSRIF
ncbi-curated-mammalia-b	XM_004617294	o4	n-linked-glycosylation-o4	74	76	NCS	QKSSNCSARLF
ncbi-curated-mammalia-b	XM_010972051	o4	n-linked-glycosylation-o4	74	76	NCS	QKDWNCSSRIF
ncbi-curated-mammalia-b	XM_010985162	o4	n-linked-glycosylation-o4	74	76	NCS	QKDWNCSSRIF
ncbi-curated-mammalia-b	XM_017651898	o4	n-linked-glycosylation-o4	74	76	NCS	LKNWNCSSRLF
ncbi-curated-mammalia-b	XM_017656413	o4	n-linked-glycosylation-o4	74	76	NCS	-ENWNCSSRLF
ncbi-curated-mammalia-b	XM_028165960	o4	n-linked-glycosylation-o4	74	76	NCS	AKDWNCSSRLF
ncbi-curated-mammalia-b	XM_003735566	o4	n-linked-glycosylation-o4	74	76	NCT	LKDWNCTSPVF
ncbi-curated-mammalia-b	XM_003943132	o4	n-linked-glycosylation-o4	74	76	NCT	LKDWNCTSPVF
ncbi-curated-mammalia-b	XM_012438845	o4	n-linked-glycosylation-o4	74	76	NCT	LKDWNCTSPVF
ncbi-curated-mammalia-b	XM_017503063	o4	n-linked-glycosylation-o4	74	76	NCT	LKDWNCTSPVF
ncbi-curated-mammalia-b	XM_007524026	o4	n-linked-glycosylation-o4	76	78	NTS	RNRWNCNTSLF
ncbi-curated-mammalia-b	XM_005596230	o5	n-linked-glycosylation-o5	103	105	NLT	AELNLTLRVL
ncbi-curated-mammalia-b	XM_023651251	o5	n-linked-glycosylation-o5	103	105	NLT	AELNLTLRVL
ncbi-curated-mammalia-b	XM_007524026	o6	n-linked-glycosylation-o6	111	113	NLT	ENLT--ESPLG
ncbi-curated-mammalia-b	NM_001024673	o6	n-linked-glycosylation-o6	111	113	NMT	ENMT--DSALA
ncbi-curated-mammalia-b	NM_001040680	o6	n-linked-glycosylation-o6	111	113	NMT	GNMT--DSSLG
ncbi-curated-mammalia-b	NM_001114853	o6	n-linked-glycosylation-o6	111	113	NMT	ENMT--DSSLG
ncbi-curated-mammalia-b	XM_006540121	o6	n-linked-glycosylation-o6	111	113	NMT	ENMT--DSALA
ncbi-curated-mammalia-b	XM_021168771	o6	n-linked-glycosylation-o6	111	113	NMT	ENMT--DSALA
ncbi-curated-mammalia-b	XM_021210483	o6	n-linked-glycosylation-o6	111	113	NMT	ENMT--DSALA
ncbi-curated-mammalia-b	XM_028859190	o6	n-linked-glycosylation-o6	111	113	NMT	ENMT--DSALV
ncbi-curated-mammalia-b	XM_004636884	o6	n-linked-glycosylation-o6	111	113	NVT	GNVT--DLTLG
ncbi-curated-mammalia-b	XM_020156959	o6	n-linked-glycosylation-o6	111	113	NVT	GNVT--DLAPG
ncbi-curated-mammalia-b	XM_012438845	o6	n-linked-glycosylation-o6	115	117	NDT	EATADNDTALG
ncbi-curated-mammalia-b	XM_012438872	o6	n-linked-glycosylation-o6	115	117	NDT	EATADNDTALG
ncbi-curated-mammalia-b	XM_017503063	o6	n-linked-glycosylation-o6	115	117	NDT	EAAADNDTALG
ncbi-curated-mammalia-b	XM_017503064	o6	n-linked-glycosylation-o6	115	117	NDT	EATADNDTALG
ncbi-curated-mammalia-b	XM_017967394	o6	n-linked-glycosylation-o6	115	117	NDT	EATADNDTALG
ncbi-curated-mammalia-b	XM_032273584	o6	n-linked-glycosylation-o6	115	117	NDT	EATADNDTALG
ncbi-curated-mammalia-b	XM_012775213	o6	n-linked-glycosylation-o6	116	118	NRT	GAVA--NRTLG
ncbi-curated-mammalia-b	NM_001166490	o6	n-linked-glycosylation-o6	116	118	NSS	GSLA--NSSLH
ncbi-curated-mammalia-b	XM_005596230	o6	n-linked-glycosylation-o6	116	118	NSS	---A--NSSLG
ncbi-curated-mammalia-b	XM_007179988	o6	n-linked-glycosylation-o6	116	118	NSS	EAMA--NSSLD
ncbi-curated-mammalia-b	XM_007179990	o6	n-linked-glycosylation-o6	116	118	NSS	EAMA--NSSLD
ncbi-curated-mammalia-b	XM_010972051	o6	n-linked-glycosylation-o6	116	118	NSS	GTMA--NSSLG
ncbi-curated-mammalia-b	XM_010985162	o6	n-linked-glycosylation-o6	116	118	NSS	GTMA--NSSLG
ncbi-curated-mammalia-b	XM_012730587	o6	n-linked-glycosylation-o6	116	118	NSS	GGVS--NSSLG
ncbi-curated-mammalia-b	XM_018063174	o6	n-linked-glycosylation-o6	116	118	NSS	EAMA--NSSLG
ncbi-curated-mammalia-b	XM_018063271	o6	n-linked-glycosylation-o6	116	118	NSS	EAMA--NSSLG
ncbi-curated-mammalia-b	XM_023651251	o6	n-linked-glycosylation-o6	116	118	NSS	---A--NSSLG
ncbi-curated-mammalia-b	XM_025268342	o6	n-linked-glycosylation-o6	116	118	NSS	EAMA--NSSLG
ncbi-curated-mammalia-b	XM_028165960	o6	n-linked-glycosylation-o6	116	118	NSS	GTVA--NSSLD
ncbi-curated-mammalia-b	HQ201955	o6	n-linked-glycosylation-o6	116	118	NST	ETVA--NSTLG
ncbi-curated-mammalia-b	XM_005886334	o6	n-linked-glycosylation-o6	116	118	NST	GTLK--NSTLG
ncbi-curated-mammalia-b	XM_006096748	o6	n-linked-glycosylation-o6	116	118	NST	GTVA--NSTLG
ncbi-curated-mammalia-b	XM_015557658	o6	n-linked-glycosylation-o6	116	118	NST	GTVA--NSTLG
ncbi-curated-mammalia-b	XM_016165226	o6	n-linked-glycosylation-o6	116	118	NST	ETVA--NSTLG
ncbi-curated-mammalia-b	XM_016166771	o6	n-linked-glycosylation-o6	116	118	NST	ETVA--NSTLG
ncbi-curated-mammalia-b	XM_016209154	o6	n-linked-glycosylation-o6	116	118	NST	ATVA--NSTLG
ncbi-curated-mammalia-b	XM_016209155	o6	n-linked-glycosylation-o6	116	118	NST	ATVA--NSTLG
ncbi-curated-mammalia-b	XM_016209156	o6	n-linked-glycosylation-o6	116	118	NST	ATVA--NSTLG
ncbi-curated-mammalia-b	XM_023760578	o6	n-linked-glycosylation-o6	116	118	NST	GTVA--NSTLG
ncbi-curated-mammalia-b	XM_024577417	o6	n-linked-glycosylation-o6	116	118	NST	GSIA--NSTLG
ncbi-curated-mammalia-b	XM_024577418	o6	n-linked-glycosylation-o6	116	118	NST	GSIA--NSTLG
ncbi-curated-mammalia-b	XM_036323965	o6	n-linked-glycosylation-o6	116	118	NST	GTLK--NSTLG
ncbi-curated-mammalia-b	XM_036324441	o6	n-linked-glycosylation-o6	116	118	NST	GTLK--NSTLG
ncbi-curated-mammalia-b	XM_036345646	o6	n-linked-glycosylation-o6	116	118	NST	GNVA--NSTLR
ncbi-curated-mammalia-b	XM_036346724	o6	n-linked-glycosylation-o6	116	118	NST	ETVA--NSTLG
ncbi-curated-mammalia-b	XM_036346728	o6	n-linked-glycosylation-o6	116	118	NST	ETVA--NSTLG
ncbi-curated-mammalia-b	XM_036346847	o6	n-linked-glycosylation-o6	116	118	NST	ETVA--NSTLG
ncbi-curated-mammalia-b	XM_036346877	o6	n-linked-glycosylation-o6	116	118	NST	GIVA--NSTLE
ncbi-curated-mammalia-b	XM_004687048	o6	n-linked-glycosylation-o6	116	118	NTS	GALT--NTSLG
ncbi-curated-mammalia-b	XM_007945560	o6	n-linked-glycosylation-o6	116	118	NTT	EAVA--NTTLG
ncbi-curated-mammalia-b	XM_007958477	o6	n-linked-glycosylation-o6	116	118	NTT	EAVA--NTTLG
