reference_name	source_name	sequence_id	species	species_order	protein_length	n_terminal_length	n_terminal_sequence	c_count	w_count	cw_total	c_minus_w	remainder_c_count	remainder_w_count
GB_REF_XM_002927388	ncbi-curated-mammalia-b	XM_002927388	Ailuropoda melanoleuca	Carnivora	195	20	MKLDTAVGCMLVTMVLTGAG	1	0	1	1	6	4
REF_IFNL_Mammal_b_Carnivore_1	ncbi-curated-mammalia-b	XM_002927388	Ailuropoda melanoleuca	Carnivora	195	20	MKLDTAVGCMLVTMVLTGAG	1	0	1	1	6	4
REF_IFNL_Mammal_b_Carnivore_2	ncbi-curated-mammalia-b	XM_002927388	Ailuropoda melanoleuca	Carnivora	195	20	MKLDTAVGCMLVTMVLTGAG	1	0	1	1	6	4
GB_REF_XM_011225064	ncbi-curated-mammalia-b	XM_011225064	Ailuropoda melanoleuca	Carnivora	191	20	MAPAWVLVLVTVVLGLARAG	0	1	1	-1	6	4
GB_REF_XM_011234942	ncbi-curated-mammalia-b	XM_011234942	Ailuropoda melanoleuca	Carnivora	190	20	MAMAWVLVLVTAGLSLARAG	0	1	1	-1	6	4
GB_REF_XM_014117025	ncbi-curated-mammalia-b	XM_014117025	Canis lupus	Carnivora	190	20	MAIAWVLVLVTAGLSLARAG	0	1	1	-1	6	4
GB_REF_NM_001114853	ncbi-curated-mammalia-b	NM_001114853	Canis lupus familiaris	Carnivora	191	20	MATARVLVLVTVVLGLTRAG	0	0	0	0	6	4
GB_REF_NM_001040680	ncbi-curated-mammalia-b	NM_001040680	Felis catus	Carnivora	191	20	MATARVLVLVTVVLGLTSAG	0	0	0	0	6	3
GB_REF_XM_006941288	ncbi-curated-mammalia-b	XM_006941288	Felis catus	Carnivora	190	20	MAAAWVLVLVAAGLSLASAG	0	1	1	-1	6	4
GB_REF_XM_032850864	ncbi-curated-mammalia-b	XM_032850864	Lontra canadensis	Carnivora	197	20	MKLDMAMGCLPVLIAMVLTR	1	0	1	1	6	4
GB_REF_XM_032326013	ncbi-curated-mammalia-b	XM_032326013	Mustela erminea	Carnivora	197	20	MKLDMAVGCLLVLIAMVLTR	1	0	1	1	6	2
GB_REF_XM_004396492	ncbi-curated-mammalia-b	XM_004396492	Odobenus rosmarus	Carnivora	193	20	MAVGCLLVLMIMVLTRAGAV	1	0	1	1	6	4
GB_REF_XM_029924289	ncbi-curated-mammalia-b	XM_029924289	Suricata suricatta	Carnivora	197	20	MKPDLAAGCGLALIAVVVMG	1	0	1	1	6	4
GB_REF_XM_007179988	ncbi-curated-mammalia-b	XM_007179988	Balaenoptera acutorostrata	Cetacea	195	20	MAPGCTLVLVLMTAAPSRTG	1	0	1	1	6	3
GB_REF_XM_007179990	ncbi-curated-mammalia-b	XM_007179990	Balaenoptera acutorostrata	Cetacea	195	20	MAPGCTLVLVLMTAAPSRTG	1	0	1	1	6	3
GB_REF_XM_028165960	ncbi-curated-mammalia-b	XM_028165960	Balaenoptera acutorostrata	Cetacea	209	20	MAADLMLVLVTTMGLGLARA	0	0	0	0	5	4
GB_REF_XM_024577417	ncbi-curated-mammalia-b	XM_024577417	Desmodus rotundus	Chiroptera	234	20	MKLLTWLKVLACMGFPSLGP	1	1	2	0	7	2
GB_REF_XM_024577418	ncbi-curated-mammalia-b	XM_024577418	Desmodus rotundus	Chiroptera	334	20	MAAA*FLVMVASGLGLARAG	0	0	0	0	12	5
GB_REF_XM_016209154	ncbi-curated-mammalia-b	XM_016209154	Miniopterus natalensis	Chiroptera	199	20	MKLDLTVGCTLVLLLLTAVL	1	0	1	1	6	3
REF_IFNL_Mammal_b_Chiroptera_1	ncbi-curated-mammalia-b	XM_016209154	Miniopterus natalensis	Chiroptera	199	20	MKLDLTVGCTLVLLLLTAVL	1	0	1	1	6	3
GB_REF_XM_016209155	ncbi-curated-mammalia-b	XM_016209155	Miniopterus natalensis	Chiroptera	199	20	MKLDLTVGCTLVLLLLTAVL	1	0	1	1	6	3
GB_REF_XM_016209156	ncbi-curated-mammalia-b	XM_016209156	Miniopterus natalensis	Chiroptera	199	20	MKLDLTVGCTLVLLLLTAVL	1	0	1	1	6	3
GB_REF_XM_005886334	ncbi-curated-mammalia-b	XM_005886334	Myotis brandtii	Chiroptera	201	20	MKPDLAVGCTLVLVLMMMAS	1	0	1	1	6	3
GB_REF_XM_015557658	ncbi-curated-mammalia-b	XM_015557658	Myotis davidii	Chiroptera	269	20	MELSEVLHRCLAGSSRTQTE	1	0	1	1	10	3
GB_REF_XM_006096748	ncbi-curated-mammalia-b	XM_006096748	Myotis lucifugus	Chiroptera	199	20	MKLGLAVCCALVLMLMTTVL	2	0	2	2	6	2
GB_REF_XM_023760578	ncbi-curated-mammalia-b	XM_023760578	Myotis lucifugus	Chiroptera	199	20	MKLGLAVCCALVLMLMTTVL	2	0	2	2	6	2
GB_REF_XM_036323965	ncbi-curated-mammalia-b	XM_036323965	Myotis myotis	Chiroptera	201	20	MKRDLAVCCTLVLVLMLMAS	2	0	2	2	6	3
GB_REF_XM_036324441	ncbi-curated-mammalia-b	XM_036324441	Myotis myotis	Chiroptera	201	20	MKRDLAVCCTLVLVLMLMAS	2	0	2	2	6	3
GB_REF_XM_036345646	ncbi-curated-mammalia-b	XM_036345646	Myotis myotis	Chiroptera	199	20	MKLDLAVCCALVLMLMTTVL	2	0	2	2	6	2
GB_REF_XM_036346724	ncbi-curated-mammalia-b	XM_036346724	Myotis myotis	Chiroptera	199	20	MKLDLAVCCALVLMLMTTVL	2	0	2	2	6	2
GB_REF_XM_036346728	ncbi-curated-mammalia-b	XM_036346728	Myotis myotis	Chiroptera	199	20	MKLDLAVCCALVLMLMTTVL	2	0	2	2	6	3
GB_REF_XM_036346847	ncbi-curated-mammalia-b	XM_036346847	Myotis myotis	Chiroptera	199	20	MKLDLAVCCALVLMLMTTVL	2	0	2	2	6	2
GB_REF_XM_036346877	ncbi-curated-mammalia-b	XM_036346877	Myotis myotis	Chiroptera	199	20	MKLDLAVCCALVLMLMTTVL	2	0	2	2	6	3
GB_REF_XM_028529999	ncbi-curated-mammalia-b	XM_028529999	Phyllostomus discolor	Chiroptera	245	20	MAAAWFLVMVASGLGLATAG	0	1	1	-1	8	5
GB_REF_XM_028530311	ncbi-curated-mammalia-b	XM_028530311	Phyllostomus discolor	Chiroptera	190	20	MAAAWFLVMVASGLGLATAG	0	1	1	-1	7	4
GB_REF_HQ201955	ncbi-curated-mammalia-b	HQ201955	Pteropus alecto	Chiroptera	196	20	MELGAASACTLLLMLMTTGL	1	0	1	1	6	3
GB_REF_NM_001290171	ncbi-curated-mammalia-b	NM_001290171	Pteropus alecto	Chiroptera	192	20	MAVAWCLVLVLVAAGLGLAG	1	1	2	0	6	4
GB_REF_XM_016165226	ncbi-curated-mammalia-b	XM_016165226	Rousettus aegyptiacus	Chiroptera	199	20	MELDVASGCMLVLMLMTTGL	1	0	1	1	6	3
GB_REF_XM_016166771	ncbi-curated-mammalia-b	XM_016166771	Rousettus aegyptiacus	Chiroptera	199	20	MELDVASGCMLVLMLMTTGL	1	0	1	1	6	3
GB_REF_XM_016166772	ncbi-curated-mammalia-b	XM_016166772	Rousettus aegyptiacus	Chiroptera	192	20	MAVARCLVLVLAAAGLSLAR	1	0	1	1	6	4
GB_REF_XM_004481462	ncbi-curated-mammalia-b	XM_004481462	Dasypus novemcinctus	Cingulata	192	20	MAAAWVLVLVAVMLGLARAG	0	1	1	-1	6	5
REF_IFNL_Mammal_b_Xenarthra_1	ncbi-curated-mammalia-b	XM_004481462	Dasypus novemcinctus	Cingulata	192	20	MAAAWVLVLVAVMLGLARAG	0	1	1	-1	6	5
GB_REF_XM_008582050	ncbi-curated-mammalia-b	XM_008582050	Galeopterus variegatus	Dermoptera	192	20	MAAAWILVLMPVVLGLARAG	0	1	1	-1	6	3
GB_REF_XM_004687048	ncbi-curated-mammalia-b	XM_004687048	Condylura cristata	Insectivora	193	20	MALTCTWLTVVVMVAALASA	1	1	2	0	4	3
GB_REF_XM_012730587	ncbi-curated-mammalia-b	XM_012730587	Condylura cristata	Insectivora	198	20	MRTRPDVAWASLLVLVLVLT	0	1	1	-1	6	3
GB_REF_XM_007523978	ncbi-curated-mammalia-b	XM_007523978	Erinaceus europaeus	Insectivora	197	20	MALGPRLLLLPLLLSMVLTS	0	0	0	0	6	5
REF_IFNL_Mammal_b_Eulipotyphyla_1	ncbi-curated-mammalia-b	XM_007523978	Erinaceus europaeus	Insectivora	197	20	MALGPRLLLLPLLLSMVLTS	0	0	0	0	6	5
GB_REF_XM_007524026	ncbi-curated-mammalia-b	XM_007524026	Erinaceus europaeus	Insectivora	197	20	MATTWFLMLLTLGLGLATTS	0	1	1	-1	6	4
REF_IFNL_Mammal_b_Eulipotyphyla_2	ncbi-curated-mammalia-b	XM_007524026	Erinaceus europaeus	Insectivora	197	20	MATTWFLMLLTLGLGLATTS	0	1	1	-1	6	4
GB_REF_XM_004617294	ncbi-curated-mammalia-b	XM_004617294	Sorex araneus	Insectivora	197	20	MKPDVSTLVTLMLGTALLTG	0	0	0	0	6	2
GB_REF_XM_004430284	ncbi-curated-mammalia-b	XM_004430284	Ceratotherium simum	Perissodactyla	192	20	MATAWVPVLVTVLLGLATAG	0	1	1	-1	6	4
GB_REF_XM_014832969	ncbi-curated-mammalia-b	XM_014832969	Equus asinus	Perissodactyla	192	20	MTTAWVLVLMTVVLGLATAG	0	1	1	-1	6	4
GB_REF_XM_005596230	ncbi-curated-mammalia-b	XM_005596230	Equus caballus	Perissodactyla	196	20	MKLDVAGVCMLVLVLMTAVL	1	0	1	1	6	5
GB_REF_XM_014732932	ncbi-curated-mammalia-b	XM_014732932	Equus caballus	Perissodactyla	190	20	MAAVRVLVLVIAGLGLARAG	0	0	0	0	6	5
REF_IFNL_Mammal_b_Perissodactyla_1	ncbi-curated-mammalia-b	XM_014732932	Equus caballus	Perissodactyla	190	20	MAAVRVLVLVIAGLGLARAG	0	0	0	0	6	5
GB_REF_XM_023626728	ncbi-curated-mammalia-b	XM_023626728	Equus caballus	Perissodactyla	192	20	MTTAWVLVLMTVVLGLATAG	0	1	1	-1	6	3
GB_REF_XM_023651251	ncbi-curated-mammalia-b	XM_023651251	Equus caballus	Perissodactyla	195	20	MAGVCMLVLVLMLMTAVLTG	1	0	1	1	6	4
GB_REF_XM_017651898	ncbi-curated-mammalia-b	XM_017651898	Manis javanica	Pholidota	192	20	MATAWVLVLVTVMLGLARAG	0	1	1	-1	5	3
GB_REF_XM_017656413	ncbi-curated-mammalia-b	XM_017656413	Manis javanica	Pholidota	190	20	MAALWVLVLVTAELGLTRAS	0	1	1	-1	6	5
GB_REF_XM_012438845	ncbi-curated-mammalia-b	XM_012438845	Aotus nancymaae	Primates	192	20	MAAAWIVVLVTLVRGLAVAG	0	1	1	-1	5	3
GB_REF_XM_012438872	ncbi-curated-mammalia-b	XM_012438872	Aotus nancymaae	Primates	200	20	MKGMSRGCMAVLVLMAAVLT	1	0	1	1	7	2
GB_REF_XM_003735566	ncbi-curated-mammalia-b	XM_003735566	Callithrix jacchus	Primates	192	20	MAAAWIVVLVTLVLGLAVAG	0	1	1	-1	5	3
GB_REF_XM_017967394	ncbi-curated-mammalia-b	XM_017967394	Callithrix jacchus	Primates	201	20	MKQGMSGGCMAVLVLMAAVL	1	0	1	1	7	2
GB_REF_XM_008057580	ncbi-curated-mammalia-b	XM_008057580	Carlito syrichta	Primates	195	20	MVRGCTLLLLLMATVLTRAG	1	0	1	1	7	3
GB_REF_XM_008057587	ncbi-curated-mammalia-b	XM_008057587	Carlito syrichta	Primates	194	20	MAAVWITALMTVMLGLARAG	0	1	1	-1	7	4
GB_REF_XM_017503063	ncbi-curated-mammalia-b	XM_017503063	Cebus capucinus	Primates	192	20	MAAAWIVMLVTLVLGLAVAG	0	1	1	-1	5	3
GB_REF_XM_017503064	ncbi-curated-mammalia-b	XM_017503064	Cebus imitator	Primates	206	20	MKRGLIGGCMAVLVLMAAVL	1	0	1	1	7	2
GB_REF_XM_012077988	ncbi-curated-mammalia-b	XM_012077988	Cercocebus atys	Primates	203	20	MAAAWIVVLVTLVLGLAMAG	0	1	1	-1	6	3
GB_REF_XM_012077999	ncbi-curated-mammalia-b	XM_012077999	Cercocebus atys	Primates	201	20	MKLDITGGCMPVLVLMAAVL	1	0	1	1	6	2
GB_REF_XM_012078033	ncbi-curated-mammalia-b	XM_012078033	Cercocebus atys	Primates	201	20	MKLDITGGCMPVLVLMAAVL	1	0	1	1	7	2
GB_REF_XM_007996760	ncbi-curated-mammalia-b	XM_007996760	Chlorocebus sabaeus	Primates	203	20	MAAAWIVVLVTLVLGLAVAG	0	1	1	-1	6	3
GB_REF_XM_011952423	ncbi-curated-mammalia-b	XM_011952423	Colobus angolensis	Primates	201	20	MKLDMARGCMPVLVLMAAVL	1	0	1	1	7	2
GB_REF_XM_011952424	ncbi-curated-mammalia-b	XM_011952424	Colobus angolensis palliatus	Primates	203	20	MAAAWIVVLVPLVLGLAVAG	0	1	1	-1	6	3
GB_REF_XM_004060705	ncbi-curated-mammalia-b	XM_004060705	Gorilla gorilla	Primates	201	20	MAAAWTVVLVTLVLGLAVAG	0	1	1	-1	6	3
GB_REF_XM_019014911	ncbi-curated-mammalia-b	XM_019014911	Gorilla gorilla gorilla	Primates	201	20	MKLDMTGGCTPVLVLMAAVL	1	0	1	1	7	2
REF_IFNL_Mammal_b_MASTER	ncbi-refseqs	NM_001346937	Homo sapiens	Primates	201	20	MKLDMTGDCMPVLVLMAAVL	1	0	1	1	7	2
REF_IFNL_Mammal_b_Simiiformes_2_2	ncbi-refseqs	NM_001346937	Homo sapiens	Primates	201	20	MKLDMTGDCMPVLVLMAAVL	1	0	1	1	7	2
GB_REF_NM_172138	ncbi-curated-mammalia-b	NM_172138	Homo sapiens	Primates	201	20	MKLDMTGDCTPVLVLMAAVL	1	0	1	1	7	2
REF_IFNL_Mammal_b_Simiiformes_2_1	ncbi-curated-mammalia-b	NM_172138	Homo sapiens	Primates	201	20	DRAQN*QKESKPGHSLRSRR	0	0	0	0	8	9
GB_REF_NM_172140	ncbi-curated-mammalia-b	NM_172140	Homo sapiens	Primates	201	20	MAAAWTVVLVTLVLGLAVAG	0	1	1	-1	5	3
REF_IFNL_Mammal_b_Simiiformes_1	ncbi-curated-mammalia-b	NM_172140	Homo sapiens	Primates	201	20	MAAAWTVVLVTLVLGLAVAG	0	1	1	-1	5	3
GB_REF_XM_005589166	ncbi-curated-mammalia-b	XM_005589166	Macaca fascicularis	Primates	201	20	MKLDMSGGCMPVLVLMAAVL	1	0	1	1	7	2
GB_REF_XM_005589169	ncbi-curated-mammalia-b	XM_005589169	Macaca fascicularis	Primates	201	20	MKLDMTGGCMPVLVLMAAVL	1	0	1	1	7	2
GB_REF_XM_005589170	ncbi-curated-mammalia-b	XM_005589170	Macaca fascicularis	Primates	203	20	MAAAWIVVLVTLVLGLAVAG	0	1	1	-1	6	3
GB_REF_XM_001086865	ncbi-curated-mammalia-b	XM_001086865	Macaca mulatta	Primates	201	20	MKLDMTGGCMPVLVLMAAVL	1	0	1	1	7	2
GB_REF_XM_011764819	ncbi-curated-mammalia-b	XM_011764819	Macaca nemestrina	Primates	203	20	MAAAWIVVLVTLVLGLAVAG	0	1	1	-1	6	3
GB_REF_XM_011764820	ncbi-curated-mammalia-b	XM_011764820	Macaca nemestrina	Primates	201	20	MKLDMSGGCMPVLVLMAAVL	1	0	1	1	7	2
GB_REF_XM_011973358	ncbi-curated-mammalia-b	XM_011973358	Mandrillus leucophaeus	Primates	201	20	MKLDITRGCMPVLVLMAAVL	1	0	1	1	6	2
GB_REF_XM_011973361	ncbi-curated-mammalia-b	XM_011973361	Mandrillus leucophaeus	Primates	203	20	MAAAWIVVLVTLVLGLAVAG	0	1	1	-1	6	3
GB_REF_XM_012775211	ncbi-curated-mammalia-b	XM_012775211	Microcebus murinus	Primates	193	20	MAAEWSVVVLVTVLLGLARA	0	1	1	-1	6	5
REF_IFNL_Mammal_b_Lemuriformes_1	ncbi-curated-mammalia-b	XM_012775211	Microcebus murinus	Primates	193	20	MAAEWSVVVLVTVLLGLARA	0	1	1	-1	6	5
GB_REF_XM_012775213	ncbi-curated-mammalia-b	XM_012775213	Microcebus murinus	Primates	279	20	MGAEVLEAPCRRHWADFNPG	1	1	2	0	7	6
GB_REF_XM_003270380	ncbi-curated-mammalia-b	XM_003270380	Nomascus leucogenys	Primates	201	20	MAAAWTVVLVTLVLGLAVAG	0	1	1	-1	6	3
GB_REF_XM_003270381	ncbi-curated-mammalia-b	XM_003270381	Nomascus leucogenys	Primates	201	20	MKLDMTGGHMPLLVLMAAVL	0	0	0	0	7	2
GB_REF_XM_030796492	ncbi-curated-mammalia-b	XM_030796492	Nomascus leucogenys	Primates	201	20	MKLDMTGGHMPLLVLMAAVL	0	0	0	0	7	2
GB_REF_XM_003802138	ncbi-curated-mammalia-b	XM_003802138	Otolemur garnettii	Primates	192	20	MAAAWILVLGTAVLGLTTAG	0	1	1	-1	6	5
GB_REF_XM_003802158	ncbi-curated-mammalia-b	XM_003802158	Otolemur garnettii	Primates	195	20	MAGGCVLVLVLLATVLTRTG	1	0	1	1	6	4
GB_REF_XM_008964649	ncbi-curated-mammalia-b	XM_008964649	Pan paniscus	Primates	201	20	MKLDMTGGCTPVLVLMATVL	1	0	1	1	7	2
GB_REF_XM_016947939	ncbi-curated-mammalia-b	XM_016947939	Pan troglodytes	Primates	201	20	MKLDMTGGCTPVLVLMATVL	1	0	1	1	7	2
GB_REF_XM_024351462	ncbi-curated-mammalia-b	XM_024351462	Pan troglodytes	Primates	201	20	MKLDMTGGCTPVLVLMATVP	1	0	1	1	7	2
GB_REF_XM_003915503	ncbi-curated-mammalia-b	XM_003915503	Papio anubis	Primates	203	20	MAAAWIVVLVTLVLGLAVAG	0	1	1	-1	6	3
GB_REF_XM_002829197	ncbi-curated-mammalia-b	XM_002829197	Pongo abelii	Primates	201	20	MKLDMTGGCMPVLMLMAAVL	1	0	1	1	7	2
GB_REF_XM_002829198	ncbi-curated-mammalia-b	XM_002829198	Pongo abelii	Primates	201	20	MAAAWTVVLVTLVLGLAVAG	0	1	1	-1	7	3
GB_REF_XM_024237432	ncbi-curated-mammalia-b	XM_024237432	Pongo abelii	Primates	201	20	MKLDMTGGCMPVLVLMAAVL	1	0	1	1	7	2
GB_REF_XM_012657015	ncbi-curated-mammalia-b	XM_012657015	Propithecus coquereli	Primates	199	20	MKLDMAAGCMPVLVLMAVAL	1	0	1	1	6	3
GB_REF_XM_017887367	ncbi-curated-mammalia-b	XM_017887367	Rhinopithecus bieti	Primates	201	20	MKLDMTGGCMPVLVLMAAVL	1	0	1	1	7	2
GB_REF_XM_010380919	ncbi-curated-mammalia-b	XM_010380919	Rhinopithecus roxellana	Primates	203	20	MAAAWIVVLVPLVLGLAVAG	0	1	1	-1	6	3
GB_REF_XM_010380920	ncbi-curated-mammalia-b	XM_010380920	Rhinopithecus roxellana	Primates	201	20	MKLDMTGGCMPVLVLMAAVL	1	0	1	1	7	2
GB_REF_XM_003943132	ncbi-curated-mammalia-b	XM_003943132	Saimiri boliviensis	Primates	192	20	MAAVWIVMLVILVLGLAVTG	0	1	1	-1	5	3
GB_REF_XM_010330964	ncbi-curated-mammalia-b	XM_010330964	Saimiri boliviensis	Primates	201	20	MKRGMSRGCMAVLVLMATVL	1	0	1	1	7	3
GB_REF_XM_032273584	ncbi-curated-mammalia-b	XM_032273584	Sapajus apella	Primates	206	20	MKRGLIGGCMAVLVLMAAVL	1	0	1	1	7	2
GB_REF_XM_025367960	ncbi-curated-mammalia-b	XM_025367960	Theropithecus gelada	Primates	201	20	MKLDMTGGCMPVLVLMVAVL	1	0	1	1	6	2
GB_REF_XM_025368308	ncbi-curated-mammalia-b	XM_025368308	Theropithecus gelada	Primates	201	20	MKLDMTGGCMPVLVLMAAVL	1	0	1	1	6	2
GB_REF_XM_033226159	ncbi-curated-mammalia-b	XM_033226159	Trachypithecus francoisi	Primates	201	20	MKLDMAGGCMPVLVLMAAVL	1	0	1	1	7	2
GB_REF_XM_003420833	ncbi-curated-mammalia-b	XM_003420833	Loxodonta africana	Proboscidea	233	20	MTLSSPSPHAQQQVSPALQL	0	0	0	0	9	3
GB_REF_XM_020156959	ncbi-curated-mammalia-b	XM_020156959	Castor canadensis	Rodentia	200	20	MKPDTTGGCILILTLMATVL	1	0	1	1	6	4
GB_REF_XM_013077381	ncbi-curated-mammalia-b	XM_013077381	Heterocephalus glaber	Rodentia	201	20	MKPDPAGGCVLLLLLLLCTV	2	0	2	2	7	4
GB_REF_XM_021168771	ncbi-curated-mammalia-b	XM_021168771	Mus caroli	Rodentia	194	20	MLLLLLPLLLASVLTRTQAD	0	0	0	0	6	3
GB_REF_NM_001024673	ncbi-curated-mammalia-b	NM_001024673	Mus musculus	Rodentia	194	20	MLLLLLPLLLAAVLTRTQAD	0	0	0	0	6	3
REF_IFNL_Mammal_b_Rodents_1_1	ncbi-curated-mammalia-b	NM_001024673	Mus musculus	Rodentia	194	20	MLLLLLPLLLAAVLTRTQAD	0	0	0	0	6	3
GB_REF_NM_177396	ncbi-curated-mammalia-b	NM_177396	Mus musculus	Rodentia	194	20	MLLLLLPLLLAAVLTRTQAD	0	0	0	0	6	3
REF_IFNL_Mammal_b_Rodents_1_2	ncbi-curated-mammalia-b	NM_177396	Mus musculus	Rodentia	194	20	MLLLLLPLLLAAVLTRTQAD	0	0	0	0	6	3
GB_REF_XM_006540121	ncbi-curated-mammalia-b	XM_006540121	Mus musculus	Rodentia	203	20	MKPETAGGHMLLLLLPLLLA	0	0	0	0	6	3
GB_REF_XM_006540130	ncbi-curated-mammalia-b	XM_006540130	Mus musculus	Rodentia	249	20	MLLLLLPLLLAAVLTRTQAD	0	0	0	0	9	6
GB_REF_XM_021210483	ncbi-curated-mammalia-b	XM_021210483	Mus pahari	Rodentia	208	20	MGDALHKWVRTKAEDTKVCL	1	1	2	0	6	3
GB_REF_XM_008854037	ncbi-curated-mammalia-b	XM_008854037	Nannospalax galili	Rodentia	193	20	MVAVWLLLPAAIMLGLAIAA	0	1	1	-1	6	3
GB_REF_XM_017803384	ncbi-curated-mammalia-b	XM_017803384	Nannospalax galili	Rodentia	219	20	MGPRLFGPQRPPSALHYPPH	0	0	0	0	6	4
GB_REF_XM_004636880	ncbi-curated-mammalia-b	XM_004636880	Octodon degus	Rodentia	192	20	MLLLLLLLTTVPTRTEAVPV	0	0	0	0	6	3
GB_REF_XM_004636881	ncbi-curated-mammalia-b	XM_004636881	Octodon degus	Rodentia	193	20	MLLLLLLLLATVQSRTGAVP	0	0	0	0	7	2
GB_REF_XM_004636884	ncbi-curated-mammalia-b	XM_004636884	Octodon degus	Rodentia	192	20	MLLLLLLLATVQTRTGAVPV	0	0	0	0	6	3
GB_REF_XM_028859190	ncbi-curated-mammalia-b	XM_028859190	Peromyscus leucopus	Rodentia	194	20	MATLWRLLSLVTVVLGLATA	0	1	1	-1	6	3
GB_REF_XM_006140390	ncbi-curated-mammalia-b	XM_006140390	Tupaia chinensis	Scandentia	161	20	MAPYTALEGSNAHGKVVPEL	0	0	0	0	4	2
GB_REF_XM_004388217	ncbi-curated-mammalia-b	XM_004388217	Trichechus manatus	Sirenia	192	20	MVATRGLVLVTVVLGLARAS	0	0	0	0	6	4
GB_REF_XM_007945560	ncbi-curated-mammalia-b	XM_007945560	Orycteropus afer	Tubulidentata	192	20	MAATQAVMLVTMVLGLAGAS	0	0	0	0	6	4
REF_IFNL_Mammal_b_Afrotheria_rtg	ncbi-curated-mammalia-b	XM_007945560	Orycteropus afer	Tubulidentata	192	20	MAATQAVMLVTMVLGLAGAS	0	0	0	0	6	4
GB_REF_XM_007958477	ncbi-curated-mammalia-b	XM_007958477	Orycteropus afer	Tubulidentata	192	20	MAAIQVLMLVPMVLGLAGAS	0	0	0	0	6	4
REF_IFNL_Mammal_b_Afrotheria_1	ncbi-curated-mammalia-b	XM_007958477	Orycteropus afer	Tubulidentata	192	20	MAAIQVLMLVPMVLGLAGAS	0	0	0	0	6	4
GB_REF_XM_025268342	ncbi-curated-mammalia-b	XM_025268342	Bubalus bubalis	Unclassified	201	20	MKLDMAPGCTLVLVLMLTTL	1	0	1	1	6	3
GB_REF_XM_010972051	ncbi-curated-mammalia-b	XM_010972051	Camelus bactrianus	Unclassified	195	20	MTSGCLLGLLLMTAALTRTG	1	0	1	1	6	3
GB_REF_XM_010985162	ncbi-curated-mammalia-b	XM_010985162	Camelus dromedarius	Unclassified	195	20	MTSGCLLGLLLMTAALTRTG	1	0	1	1	6	3
GB_REF_XM_018063174	ncbi-curated-mammalia-b	XM_018063174	Capra hircus	Unclassified	254	20	MPPPLRLDPERSERLAAGAA	0	0	0	0	8	4
GB_REF_XM_018063271	ncbi-curated-mammalia-b	XM_018063271	Capra hircus	Unclassified	197	20	MAPGCTLVLVLMLMTAALSR	1	0	1	1	6	3
GB_REF_XM_006871441	ncbi-curated-mammalia-b	XM_006871441	Chrysochloris asiatica	Unclassified	192	20	MATAQNLMLVAVMLGLAGAS	0	0	0	0	6	4
GB_REF_XM_004710310	ncbi-curated-mammalia-b	XM_004710310	Echinops telfairi	Unclassified	186	20	MLMAPLLTVTGAAPTPPPSR	0	0	0	0	6	4
GB_REF_NM_001142837	ncbi-curated-mammalia-b	NM_001142837	Sus scrofa	Unclassified	192	20	MATAWIVVLATVMLDLARAG	0	1	1	-1	4	3
REF_IFNL_Mammal_b_Laurasiatheria_rtg	ncbi-curated-mammalia-b	NM_001142837	Sus scrofa	Unclassified	192	20	MATAWIVVLATVMLDLARAG	0	1	1	-1	4	3
GB_REF_NM_001166490	ncbi-curated-mammalia-b	NM_001166490	Sus scrofa	Unclassified	196	20	MALGGSLVLVLVLMTVAPPR	0	0	0	0	6	3
REF_IFNL_Mammal_b_Artiodactyla_1	ncbi-curated-mammalia-b	NM_001166490	Sus scrofa	Unclassified	196	20	MALGGSLVLVLVLMTVAPPR	0	0	0	0	6	3
